id,created_at,text
791286620100169728,2016-10-26 14:33:26,"Stram op p√• datasikkerheden @sorenpind Og m√•ske tid til en indlicitering af NETS? @version2 #itpol 
https://t.co/dRFtwmViM1"
786921963293970432,2016-10-14 13:29:51,Afghanske tolke lades stadig i stikken. Forl√¶ngelse af aftale har ikke lappet huller. https://t.co/272RgafNjW @silberg_mads #dkpol #krigeren
786586394743476224,2016-10-13 15:16:25,RT @PSkipperEL: Vi er her. Tusinder af andre er her. Hvor er du? #bevarsu stop #milliardnedsk√¶ringer https://t.co/egwomzsKsN
784656813232943104,2016-10-08 07:28:57,"@TimSmidemann @politiken @Berlingske Det er da et problem, at der er fejl i OECD om uddannelsesniveau i DK. Anerkender du det?"
784646516728295424,2016-10-08 06:48:02,"@TimSmidemann @politiken @berlingske Hvis du har andre, ser jeg dem gerne. P√• udd.niveau ved vi der er fejl - det er vel relevant kritik?"
784635966904528897,2016-10-08 06:06:06,@TimSmidemann @politiken Sp√∏rgeskemaer er fint. Men p√• uddannelsesniveau har DK registerdata der er bedre https://t.co/C7Nj7ZbIDZ #uddpol
784420932517523456,2016-10-07 15:51:38,Tre bl√• SU-myter der skal aflives: https://t.co/AGWu4sdZNA  #bevarSU #uddannelseforalle #uddpol #dkpol
783738978398855168,2016-10-05 18:41:48,RT @amnestydk: Justitsminister @sorenpind har ikke skrinlagt #sessionslogning. Vi er klar til at k√¶mpe imod √∏get #overv√•gning https://t.co/‚Ä¶
783620504766803973,2016-10-05 10:51:01,"RT @FjordMfs: .@EvaFlyvholm ""uddannelse +forskning er en investering som kommer ogs√• alle til gode - det m√• vi da kunne blive enige om""  Je‚Ä¶"
783619572670795776,2016-10-05 10:47:19,RT @ABerentzen: Det er ikke #SU der er l√∏bet l√∏bsk. Det er penge til udd der spares p√• m 2 % pr √•r siger @SebMhansen og viser en graf p√• #D‚Ä¶
783603375585824769,2016-10-05 09:42:58,RT @HenWeg: Vigtig diskussion med politikerne p√• #DTUtopm√∏de @Antorini123 @IdaAuken @engelschmidt @JThulesen @SociologenHD @jacobmark_sf @E‚Ä¶
783603239774195712,2016-10-05 09:42:25,RT @ABerentzen: Rektor fra @DTUtweet s√¶tter rammen for #DTUtopm√∏de udd og #forskning i verdensklasse kr√¶ver fortsat prioritering og ikke be‚Ä¶
783250768988082176,2016-10-04 10:21:50,"Lars L√∏kke taler om fremtidige generationer og god uddannelse.  Hvorfor sk√¶rer regeringen s√• p√• uddannelse, forskni‚Ä¶ https://t.co/TrGLg3WdoX"
778505990975152128,2016-09-21 08:07:46,Brug for uvildig opklaring af angreb p√• n√∏dhj√¶lp og hospitaler i Syrien. Enhedslisten stiller forslag https://t.co/bOCoXPLAWb #dkpol
777633531820408832,2016-09-18 22:20:56,Brug for uvildig unders√∏gelse af fejlbombninger. Og DK b√∏r bidrage t v√•benhvile i Syrien med n√∏dhj√¶lp - ikke flere bomber. #dkpolitik
770547901583986688,2016-08-30 09:05:10,"Helt vanvittigt at slagte SU. DK er i top p√• gennemf√∏rsel af
uddannelse, hvorfor fucke det op? #bevarsu #uddannelsetilalle #tyve25"
768903720243490816,2016-08-25 20:11:47,RT @Enhedslisten: P√• initiativ af @EvaFlyvholm m.fl. kommer folkene bag den britiske Irak-kommission til h√∏ring i Folketinget #dkpol https:‚Ä¶
768446525412405248,2016-08-24 13:55:03,RT @GryReiter: Uddannelsesst√∏tten skaber m√∏nsterbrydere - derfor er @EvaFlyvholm med i kampen for #bevarSU #2025plan #uddpol #dkpol https:/‚Ä¶
767971052676870144,2016-08-23 06:25:41,Bl√• blok l√¶gger i ovnen til SU angreb. Vi er klar til kamp. #bevarSU #uddannelsesst√∏tte https://t.co/cXLmhl96rq
767645139288358912,2016-08-22 08:50:38,RT @amnestydk: Godt vi har domstolene: 23 irakeres krav om erstatning fra den danske stat er ikke for√¶ldet https://t.co/RnaThYHeCF #dkpol
767621168388079616,2016-08-22 07:15:22,Alle skal have √∏konomisk st√∏tte til deres uddannelse. #f√¶llesskabfungerer #bevarSU #uddannelsesst√∏tte https://t.co/b1sSBuUUeL
764424559995084801,2016-08-13 11:33:12,"Ny it-ordf√∏rer og gl√¶der mig til arb for bedre datasikkerhed, frihed p√• nettet og adgang overalt. Hiv fat i mig og v√¶r med! 
#dkpol #itpol"
751246451682967552,2016-07-08 02:48:06,"RT @dr2deadline: @EvaFlyvholm Det vil eskalere konflikterne, hvis alle opruster. Vi b√∏r kigge p√• nedrustningsm√•l #NATOSummit https://t.co/R‚Ä¶"
743007209722925056,2016-06-15 09:08:17,Brugerbetaling p√• uddannelse er ufatteligt skidt. S DF og V er p√• skr√•plan @Ulla_Tornaes samr√•d kl 12 #uddannelsesalliancen @FTF_dk #dkpol
740940445400846336,2016-06-09 16:15:42,Ser frem til at diskutere kampflyk√∏bet i @DebattenDR2 Der er mange gode grunde til at sige #nejtilkampfly #dkpol
740871316522307584,2016-06-09 11:41:01,Katastrofalt med nye kampfly. Men ok med nye legekammerater uden for forsvarsforligskredsen ;) @sfhoni @RasmusJarlov #kampfly #dkpol
740852400097988608,2016-06-09 10:25:51,Skidt for DK at kaste milliarder efter milliarddyre kampfly til flere angrebskrige. Brug for helt ny udenrigspolitik #dkpol #nejtilkampfly
738664187518431232,2016-06-03 09:30:40,"Det er helt galt m brugerbetaling p√• uddannelse @ulla_toernaes i samr√•d og S og DF skulle skamme sig.
https://t.co/LrukfLzwTj"
738305226248232960,2016-06-02 09:44:17,God nyhed! Regler for p√¶dagogstuderende bliver forbedret. Flot @PLSnyt. Dejligt at det lykkedes:) #dkpol @bupldk  https://t.co/R5DdWmJ2jL
738287603972243457,2016-06-02 08:34:16,#anerkendpal√¶stina @nvillumsen @PSkipperEL @Enhedslisten @SFpolitik @alternativet_ https://t.co/ug0Ujjam3b https://t.co/R7VZEWOYQp
738063259820019712,2016-06-01 17:42:48,@sorenpape siger forsvarets √∏konomi bliver afklaret f√∏r kampflyk√∏b - det er han vist den eneste der tror p√•? #dkpol #nejtilkampfly #ftlive
737905870143684608,2016-06-01 07:17:23,L√∏kke: uddannelse er vejen til at flytte sig i samf. Godt set. Hvorfor lurer V s√• p√• at sk√¶re i SU? #ftlive #dkpol
736096517308583937,2016-05-27 07:27:40,Irak dokumenterne er stadig i spil. Kampen for √•benhed forts√¶tter. #dkpol https://t.co/K3pT5CHjUn
735787644727267329,2016-05-26 11:00:19,"Regeringen har ikke taget stilling til, hvad man vil g√∏re, hvis pris p√• kampfly stiger. Tag nu ansvar! #kampfly #dkpol"
735487896929603584,2016-05-25 15:09:13,"RT @amnestydk: Ny unders√∏gelse af Danmarks krigsdeltagelse er en h√•n mod offentligheden, soldaterne og krigsfangerne https://t.co/YWflXj9xr‚Ä¶"
735480845948080128,2016-05-25 14:41:12,"@sorenpind fastholder ""alt om fanger i Irak tilstr√¶kkeligt belyst"" selv om tortur og m√∏rkl√¶gning v√¶lter frem. Vildt
#dkpol #irakkommission"
735469591976116224,2016-05-25 13:56:29,"Regeringen, LA og Alt lukker ned for at f√• fangesager, tortur og l√∏gn for frem i lyset. Skandale. https://t.co/OrLO9mXz29"
735420795867017216,2016-05-25 10:42:35,H√∏ring: Forsvarsministeren kampfly skal bruges som hidtil - flere forfejlede angrebskrige? Dyster udsigt. #nejtilkampfly #kampfly
735410300057440256,2016-05-25 10:00:53,Kampflyh√∏ring: @breitenbauch anbefaler at rigsrevisionen inddrages i F-35 k√∏b. God ide! #kampfly #dkpol #nejtilkampfly
733302295052574721,2016-05-19 14:24:25,"Har bedt Forsvarsmin om lige at dobbelttjekke Boeing-tal med US Navy. Er jo 56,4 mia plus det l√∏se #kampfly #dkpol #fupellerfakta"
733033925405204480,2016-05-18 20:38:01,"Kaos om hundredevis af Irak-fangers sk√¶bne. FM og JM kaldt i samr√•d. Brug for Irakkommissionen. #dkpol 
https://t.co/0de5G5MvQD"
730755338232795136,2016-05-12 13:43:44,Forsvaret m√• beholde omprioriteringsbidrag til kampfly. Hvad med kommunerne og velf√¶rden? #12maj #nejtilkampfly #dkpol
730656523727278080,2016-05-12 07:11:04,RT @Altingetdk: Ny m√•ling: Flertal af v√¶lgerne siger nej til nye kampfly https://t.co/Nv6YmG5EV1 #dkpol
730429490346733568,2016-05-11 16:08:55,"F-35 Kampfly for milliarder er vanvittigt. Stop det nu. #kampfly
#nejtilkampfly
#dkpolitik https://t.co/q78UcHc1dQ"
730393443596423169,2016-05-11 13:45:41,Har Forsvarsministeren i Salen om kampfly nu - vil han st√• inde for F-35 problemer og pris? #dkpolitik #nejtilkampfly
727792998952603648,2016-05-04 09:32:27,@AagaardC h√•ber der langt om l√¶nge kommer hul p√• bylden og debat om #kampfly @DKPolitik https://t.co/Ihf6IUMcLM
727785220255158272,2016-05-04 09:01:32,Kampflyk√∏bet er med l√¶ngder den mest lukkede proces jeg har st√•et overfor siger @McGhieSteffen #kampfly #dkpol
727536823757594624,2016-05-03 16:34:30,"DK m√• ikke vende det blinde √∏je til undertrykkelse og tortur. EL indkalder samr√•d @amnestydk #dkpol
 https://t.co/qzFmK4y8yo"
727097753604644864,2016-05-02 11:29:47,"L√∏kkes bestillingsarbejde hos Taks√∏e - mere milit√¶r og nye kampfly. Forudsigeligt, visionsl√∏st og ad helvede til #dkpol"
726144308622057472,2016-04-29 20:21:08,"√Öbenhed om kampflyk√∏bet! H√∏ring onsdag @AagaardC @McGhieSteffen mfl. #dkpol #kampfly
https://t.co/ZCkegfwpSg"
725586501904535552,2016-04-28 07:24:37,Kampflyk√∏bet lugter af aftalt spil. Skandaleramte F-35 er ny IC4 og uansvarlig brug af skattepenge!  https://t.co/uRsLKuMobn
710855770141814784,2016-03-18 15:49:57,Uacceptabelt at true medarbejdere der kalder chefen en klaphat. Ytringsfrihed ogs√• i Forsvaret! https://t.co/7lKoLLYFSv #dkpol
709736188492574720,2016-03-15 13:41:08,BRIXIT et enigt folketing sender Stine Brix p√• barsel @smbrix:) #dkpol #ftlive https://t.co/tNAl7zeymr
703191399458541568,2016-02-26 12:14:28,"Sp√¶ndende debat i Folketingssalen. Irakkommission og √•benhed er kommet p√• bordet, og @sorenpind er uforudsigelig #dkpol"
702448494695608320,2016-02-24 11:02:26,RT @PSkipperEL: Eva Kjer har tidligere haft en principiel og demokratisk holdning til ministre og sandhed... #n√∏dl√∏gn #gyllegate https://t.‚Ä¶
700713187260301312,2016-02-19 16:06:57,RT @789cklm: Selfie foran @Grundloven sammen med @EvaFlyvholm. Tak for et rigtig fint bes√∏g‚úåÔ∏è #l√¶rmedklm #sp√∏rgeva https://t.co/Xjk9a8RBgV
700713000596955136,2016-02-19 16:06:12,RT @DavidHemmet: @omDSB Som I kan se klarede vi den trods udfordringerneüòÉ @EvaFlyvholm https://t.co/r9qHLEnyLG
700700939682865152,2016-02-19 15:18:17,"Ingen tvivl om, at det ikke er s√¶rlig smart at sk√¶re p√• SU @SociologenHD @SorenPape https://t.co/yn2S8dsjdy #dkpolitik"
700693035919626240,2016-02-19 14:46:52,"@789cklm Tak for dejligt bes√∏g, og snak om folkeskolereform. √ânig i at I har for lange dage - glad for at I var v√•gne #l√¶rmedklm #sp√∏rgeva"
699986798299234305,2016-02-17 16:00:32,"@AsbechCaroline Den er lidt travl :) Hils din klasse og sig undskyld, jeg er en sl√∏v tweeter. Gl√¶der mig til at se jer! #sp√∏rgeva"
699246642671849473,2016-02-15 14:59:25,Brug for politisk l√∏sning og forhandling med Taleban i Afghanistan. Udenrigsmin er indkaldt i samr√•d #DKPOL
697407362341216256,2016-02-10 13:10:47,"Nyt NATO-initiativ opruster mod Rusland. Ikke klogt DK deltager i at eskalere situationen. Politisk l√∏sning
https://t.co/07MS3i7iav #dkpol"
696992223347544065,2016-02-09 09:41:10,"Man skal v√¶re d√∏v, blind og meget optimistisk, for at tro p√• at uddannelsesfyringer ikke smadrer kvalitet. Esben Lunde skal i samr√•d #dkpol"
696594455114211329,2016-02-08 07:20:34,"Kvalitetsfald i uddannelser vil blive v√¶rre med fremdrift og nedsk√¶ringer. Brug for kvalitet, investering og undervisertid #dkpol2015"
695199559098753025,2016-02-04 10:57:45,"Tolke for DK i Afghanistan, f√•r ikke nok beskyttelse. Der er brug for ny aftale. EL og Alt samr√•d om lidt #dkpol @renegadedreng @KrigerenDK"
679398799610150913,2015-12-22 20:31:11,@renegadedreng @nvillumsen @alternativet_ Godt at have dig med p√• holdet Rene:) Der er god grund til at kigge kritisk p√• kampflyk√∏bet.
672782797728309248,2015-12-04 14:21:33,RT @Altingetdk: Julekalender 4. december: @EvaFlyvholm https://t.co/Y32ErPgYxK
667693956789063681,2015-11-20 13:20:19,"Fremdriften fejler stadig. Hvad med, at satse p√• kvalitet, fleksibilitet og godt studiemilj√∏? 
#DSF #dkpol"
664549918762254336,2015-11-11 21:07:02,Der er masser af stof til n√¶ste uges samr√•d om F-35 kampflyet. Og akut brug for √•benhed om dks st√∏rste v√•benk√∏b #dkpol #tv2 #nytkampfly
664400568853651456,2015-11-11 11:13:34,Invester i fremtiden. Drop nedsk√¶ringer og fremdriftsreform. #dtutopmoede
664377502253588480,2015-11-11 09:41:54,RT @DTUtweet: #DTUtopm√∏de @EvaFlyvholm: Vigtigt at sikre h√∏jt niveau i forskning og uddannelse. Udd og viden med til at vi kan gennemf√∏re g‚Ä¶
659763420871458816,2015-10-29 16:07:12,K√¶mpedemo siger nej til uddannelsesnedsk√¶ringer. Vi vil ikke s√¶tte vores fremtid over styr! #dkpol #uddannelsesalliancen
652039336586776576,2015-10-08 08:34:26,RT @PSkipperEL: S vil bruge flere penge p√• dagpengesystemet. Fedt! Men kun hvis V er med √•benbart!? S√• er det jo ik meget v√¶rd #dkpol #ftli‚Ä¶
649147852929802240,2015-09-30 09:04:43,"Velkommen til den nye Forsvarsminister. Jeg ser frem til, at diskutere √•benhed i forsvaret, dyre kampfly og irakkommission:) #dkpol"
648849244133195777,2015-09-29 13:18:09,P√• sin plads at Holst g√•r af. Men jeg havde nu gl√¶det mig til at grille ham i samr√•d om kampfly p√• torsdag... #dkpol
648835653736759296,2015-09-29 12:24:09,"L√∏kke taler om fremtiden for DK, men sk√¶rer 1,4 mia p√• forskning. Talentl√∏st lederskab. #DanskIndustri #dkpol"
637940647236927488,2015-08-30 10:51:17,"RT @LineHolm1: Lykketoft: Send flere penge til n√¶romr√•derne - eller modtag flere flygtninge
#dkpol  http://t.co/0OF6TSwaAo"
637533673198387200,2015-08-29 07:54:07,Idiotisk at sk√¶re p√• uddannelse. Esben Lunde Larsen skal en tur i samr√•d #dkpol
631736340003069952,2015-08-13 07:57:35,RT @emma_holten: Skriv under p√• at du synes transk√∏nnede er mennesker og ikke patologiserede freaks som de g√∏r p√• sexologisk klinik. https:‚Ä¶
631562777052729344,2015-08-12 20:27:54,"RT @MsHaslund: Mens @amnesty nu anbefaler at afkriminalisere k√∏b og salg af sex, √∏nsker S fortsat et forbud mod k√∏besex. #dkpol http://t.co‚Ä¶"
629644179312873472,2015-08-07 13:24:05,"Det skal betale sig at arbejde, siger Venstre. Men er det ikke i overkanten med Carl Holst? Luk hullet i loven - stop dobbelt l√∏n! #dkpol"
626434699314003968,2015-07-29 16:50:45,"RT @berlingske: Enhedslisten: Ford√∏m Tyrkiet klart og skarpt, Kristian Jensen http://t.co/YPmcTJoLwT http://t.co/ZJAZ5Cj9Hw"
618382414038069248,2015-07-07 11:33:51,Hvis @mettebock og @LiberalAlliance  mener det alvorligt med √•benhed skulle de  nu hellere stemme for at gen√•bne #IrakKommissionen #dkpol
617794721323319297,2015-07-05 20:38:34,"S√∏ren Gade ville n√¶ppe v√¶re s√• k√¶ph√∏j, hvis han skulle afh√∏res under vidneansvar. #IrakKommission #dkpol"
617674264121053184,2015-07-05 12:39:55,RT @runeheiberg: 92.477. S√• mange har s√∏gt ind p√• en videreg√•ende uddannelse. Ny rekord! #uddpol
617658550987452416,2015-07-05 11:37:28,RT @PSkipperEL: Folketinget f√∏rt bag lyset. Irak-kommissionen b√∏r forts√¶tte. Hvor er @sorenpind til at forsvare m√∏rkl√¶gning? http://t.co/l6‚Ä¶
617618620655489024,2015-07-05 08:58:48,RT @SteenAJ: VK-regeringen skjulte dansk samarbejde med milit√¶r- og sikkerhedsfirmaet Blackwater under Irak-krigen: http://t.co/dh9ZmXPIv0 ‚Ä¶
617618525595824128,2015-07-05 08:58:25,RT @MortenThrane: S√∏ren Gade om Blackwater og lign. fra Weekendavisen 2004. #dkpol http://t.co/vXH0ioSGsx
617234503707283456,2015-07-04 07:32:28,RT @CasperDall: St√¶rk l√∏rdagsl√¶sning om veteran Jimmy Solgaards syn p√• nedl√¶ggelse af Irak-kommissionen #dkpol http://t.co/BHnF4WfbFs http:‚Ä¶
616913699492773888,2015-07-03 10:17:42,RT @PSkipperEL: De nye underskriver Grundloven. Alts√• at de vil overholde den. Ikke at de aldrig vil lave den bedre:) #ftlive #dkpol http:/‚Ä¶
616900506074619904,2015-07-03 09:25:16,S√• er der skrevet under p√• #grundloven . Skriver ogs√• gerne under p√• at den kunne bruge et par opdateringer #dkpol http://t.co/kUzAYqAZoy
616879040067174400,2015-07-03 07:59:58,RT @nvillumsen: L√∏kke bruger nu rene Berlusconi-metoder. Det er vennetjenester og magtarrogance at lukke Irakkrig-kommission. #dkpol http:/‚Ä¶
616673863146020864,2015-07-02 18:24:40,RT @martin_kaas: Nu har @Enhedslisten f√•et ny folketingsgruppe - min egen lokale kandidat @EvaFlyvholm fik uddannelsesordf√∏rerposten. Gl√¶de‚Ä¶
616648213194522624,2015-07-02 16:42:45,S√• er ordf√∏rerskaber fordelt. Gl√¶der mig til bla. at sl√•s for de studerendes frie valg og mod k√∏b af nye kampfly. #dkpol
616562261541453825,2015-07-02 11:01:12,RT @PSkipperEL: Her er @EvaFlyvholm. Min nye kollega og sidekammerat i folketingssalen:) #dkpol http://t.co/uEqawDRbOA
616257327386206208,2015-07-01 14:49:31,RT @Enhedslisten: #dkpol http://t.co/rmPXOPAZUo
615812184275185664,2015-06-30 09:20:40,RT @amnestydk: Skriv under p√• 'Skrot ikke Irak kommissionen' http://t.co/z7CgmSb3cQ @peterkofod @TransparencyDK @Enhedslisten @SFpolitik @a‚Ä¶
615577243088236544,2015-06-29 17:47:06,RT @GaurivanGulik: In case you still think Europe is bearing the brunt of global #refugeecrisis ..... #soseurope http://t.co/hcRh4ds0pm htt‚Ä¶
615110321624252416,2015-06-28 10:51:43,"RT @ToreKeller: Ny V-regering vil nedl√¶gge unders√∏gelseskommission af Irak og Afghanistan-krige. ""er tilstr√¶kkeligt belyst"" #dkpol"
615107302828474368,2015-06-28 10:39:43,"RT @kristianweise: L√∏kkes DK bliver et mere ulige DK. Fattigdomsydelser, kontanthj√¶lpsloft og lavere topskat tar fra de svage og gir til de‚Ä¶"
614531300544905216,2015-06-26 20:30:54,Lille Lars i spidsen for en lille regering. Tror vi kan regne med et tilsvarende tyndt regeringsgrundlag #dkpol #fv15
614335530961084416,2015-06-26 07:32:59,#Eupol udstilles. #longread #dkpol  https://t.co/yl1iQi99JS
614144074698883072,2015-06-25 18:52:12,"RT @PerClausen3: EU kr√¶ver ikke orden i gr√¶sk √∏konomi, men insisterer p√• besparelser istedet for skatteforh√∏jelser. EU=bl√• √∏konomisk politi‚Ä¶"
613658008866975744,2015-06-24 10:40:45,RT @RosaLundEl: K√¶re #fremdriftsreform. Hvis du troede du var sluppet for mig s√• kan du godt tro om igen #nykampplads http://t.co/ElHjyYv6iD
612906251647848448,2015-06-22 08:53:32,RT @PSkipperEL: Holder f√∏rste gruppem√∏de med en dejlig ny og historisk stor folketingsgruppe i Enhedslisten #juhuuu #dkpol http://t.co/ND1w‚Ä¶
612231158772932608,2015-06-20 12:10:57,@TheYellowPete b√•de det nye flertal og h√•rdt arbejde ‚ò∫
612227502891761664,2015-06-20 11:56:25,"Tak for tilliden. Folketingsarbejdet venter, og med det nye flertal bliver kampen for #retf√¶rdighed h√•rdt arbejde #fv15 #dkpol"
611206152207093760,2015-06-17 16:17:57,"L√∏kke g√•r til valg p√• at g√∏re de mest udsatte fattigere, sk√¶re i udviklingsbistanden og straffe b√∏rn, h√•ber fornuften sejrer i morgen #fv15"
610447316152152064,2015-06-15 14:02:36,RT @NielsFonsboel: Jeg tror ikke deres umiddelbare bekymring relaterer sig til velf√¶rdsydelserne  st√∏rrelse #fv15 #DRdinstemme http://t.co/‚Ä¶
610058378249945088,2015-06-14 12:17:06,Kan med gl√¶de konstatere at #pensionshykleriet er blevet valgtema p√• sociale medier. Sejt @reddit #fv15 #DRdinstemme http://t.co/xqtAC8Mn7i
610035160264900609,2015-06-14 10:44:50,EU skal ud af vores velf√¶rd. Slut med nedsk√¶ringer og privatisering. #f√¶llesskabfungere #dkpol #fv15 #DRdinstemme #tv2valg
610026972811534336,2015-06-14 10:12:18,RT @Enhedslisten: Johanne p√• folkem√∏det til debat hos @amnestydk om D√∏den p√• Middelhavet #dkpol #fm15 http://t.co/iH1y6gtv0x
609297496410587136,2015-06-12 09:53:38,Ja vi g√∏r s√• #dkpol #tv2valg #DRdinstemme #fv15 http://t.co/ZTbzzkz6N2
609078124182142977,2015-06-11 19:21:55,"RT @KurdishQuestion: Turkey Still Preventing Aid from Reaching Koban√™
http://t.co/ROL3qL4lSB
#TwitterKurds #Syria #Kurds #ISIS #Kurdistan h‚Ä¶"
608638001053347840,2015-06-10 14:13:02,"RT @troelsnipper: Helt nye dagpengetal viser at antallet der mister arbejdsmarkedsydelsen ogs√• er stigende. http://t.co/0MvPMThRiU #fv15 ""a‚Ä¶"
608324558714716162,2015-06-09 17:27:31,"RT @signefaerch: Lige h√∏rt i Radioavis at 0,7% af EUs samlede asylans√∏gere, er kommet til DK. Det er godt nok ikke mange. V+K+S: #stopjerse‚Ä¶"
607927224759668736,2015-06-08 15:08:39,De @KonservativeDK = v√¶rste Robin Hood nogen sinde. Vil tage fra de fattigste og give til milit√¶ret #DRdinstemme #fv15 #dkpol
607621233157488640,2015-06-07 18:52:45,"RT @nvillumsen: Congratulations to #Turkey and #HDP from @Enhedslisten. A clear victory for democracy, human rights and diversity #TwitterK‚Ä¶"
607614082582224896,2015-06-07 18:24:20,M√∏d partiet @Enhedslisten og mig gennem det dejlige radiomedie p√• @P4Sjaelland i morgen 0830 #dkpol #fv15
606872312273637376,2015-06-05 17:16:49,RT @My_agora: #T√∏ll√∏sebanen #vestsj√¶lland @regionsjaelland http://t.co/bF5Vhz1aEY
606491209721368576,2015-06-04 16:02:27,Vi i @Enhedslisten er √•benbart eneste parti i @regionsjaelland der vil prioritere gr√∏n kollektiv trafik #fv15 #dkpol http://t.co/NkPFn7woGc
606046190736687104,2015-06-03 10:34:06,RT @TPOEskole: Til v√¶lgerm√∏det p√• @TPOEskole 9. juni kan du ogs√• m√∏de @Blixt22 og @EvaFlyvholm. L√¶s mere her: http://t.co/XyUVqa8rZj - #dkp‚Ä¶
605992066422841344,2015-06-03 06:59:02,#Valgfl√¶sk skal v√¶re √∏kologisk. Debat mod @espersendf p√• @P4Sjaelland 1715. Mon han har fl√¶skesv√¶r med? #udvikling  #landdistrikter #fv15
605783442257641472,2015-06-02 17:10:02,RT @nordvestnyt: Nordvestnyts Aviscafeen og P4 Sj√¶lland har inviteret spidskandidater til politisk debat i trykkerihallen i Ahlgde... http:‚Ä¶
605754895736680448,2015-06-02 15:16:36,RT @MunchPerrin: Den nye st√¶rke milj√∏fork√¶mper i FT for @Enhedslisten @MariaGjerding (most likely) idag i Helsing√∏r med Johanne #fv15 http:‚Ä¶
605713552784171008,2015-06-02 12:32:19,RT @Enhedslisten: L√∏kkes fakta er manipulation - her er fem eksempler. Blog af @pelledragsted #dkpol #fv15 http://t.co/l54CM7MpR3 http://t.‚Ä¶
605282002594590720,2015-06-01 07:57:29,De @KonservativeDK vil opruste milit√¶ret for 1 mia. eller ca. 4.7 mio. bes√∏g fra hjemmeplejen. Er det der pengene skal komme fra? #fv15
604381929857761281,2015-05-29 20:20:55,. @JonathanSimmel ja vi m√• v√¶re der for hinanden. #f√¶llesskabfungere :)
604247911472480257,2015-05-29 11:28:23,"RT @Enhedslisten: M√ò vil stramme r√•dighedsregler, men f√•r selv eftervederlag uden r√•dighedskrav. Stop hykleriet. Del, hvis du er enig http:‚Ä¶"
603956766641127425,2015-05-28 16:11:28,RT @amnestydk: √ân f√∏lger mere og vi runder 4000. Ikke nok til at vinde #fv15 men alle folketingskandidater b√∏r naturligvis f√∏lge Amnesty #d‚Ä¶
603673310887616513,2015-05-27 21:25:07,Dejlig f√∏rste Valgkampsdag. Godt nok under @zeniastampe i lygtep√¶len men p√¶nt over i dagens @GallupPoll ;) #fv15 http://t.co/ON212K7Gm6
603596381194997760,2015-05-27 16:19:26,Dejlige frivillige hj√¶lper i #Holb√¶k med at dele ud af mig ‚ò∫ #dkpol #fv15 http://t.co/m1woVCiBiL
603493609028120576,2015-05-27 09:31:03,"Endelig valgkamp! Gl√¶der mig til kamp for gr√∏nne arbejdspladser, mere  velf√¶rd for b√∏rn og √¶ldre og bedre tog og bus p√• hele Sj√¶lland #dkpol"
603433542945796096,2015-05-27 05:32:22,S√Ö klar til #fv15 #dkpol
603284391511650304,2015-05-26 19:39:42,RT @Enhedslisten: Folketinget skal snart tr√¶ffe endelig beslutning om nye kampfly. Enhedslisten er imod #dkpol http://t.co/SJUXz7W7LY http:‚Ä¶
603224509680918528,2015-05-26 15:41:45,"P√• Vest- og Sydsj√¶lland er krisen alts√• ikke overst√•et, skulle jeg hilse og sige. http://t.co/NjnanunIcI #dkpol #dkoeko"
602898209984421889,2015-05-25 18:05:09,RT @PSkipperEL: N√•r voldt√¶gter √∏del√¶gger den gode stemning...? http://t.co/HKeimU9yo1 #ligestilling #dkpol
602746381669900288,2015-05-25 08:01:50,"RT @PSkipperEL: Den her vagtchef hos @NjylPoliti er godt eks p√•, hvorfor mange ikke anmelder. √Ürligt talt: Klaphat! http://t.co/FwI7XQSVS2 ‚Ä¶"
602512649134448640,2015-05-24 16:33:04,Se vores aktion for kollektiv trafik p√• @TV_east  1930 #givgr√∏ntlys for reparation af skinnerne #bevarT√∏ll√∏sebanen #dkpol @Heunicke
602098541377511425,2015-05-23 13:07:33,RT @LineHolm1: Flere medier: iflg tidlige valgresultater har #Irland stemt YES til homoseksuelles ret til √¶gteskab. üëè #lgbt #MarRef
601825821637087232,2015-05-22 19:03:51,RT @PSkipperEL: S√• er vi stemt ned p√• forslag om politiker-pensionsalder p√• lige fod med alle andre #stoppensionshykleriet #dkpol http://t.‚Ä¶
601404861654167554,2015-05-21 15:11:07,RT @nvillumsen: Skal vi bruge 30 mia. kr. p√• nye kampfly? Jeg synes Nicolai Wammen skylder v√¶lgerne en √•ben demokratisk debat. http://t.co/‚Ä¶
600737167762132993,2015-05-19 18:57:56,Live @catvespre now commenting on proposal of peaceful and democratic dialogue on independence for Catalunya adopted in Danish parliament
600714340916953090,2015-05-19 17:27:14,Danmarks umenneskelige #asylpolitik p√•f√∏rer traumatiserede mennesker yderligere lidelser... http://t.co/MdoNfNK8fz #dkpol
600573520830160896,2015-05-19 08:07:40,RT @amnestydk: Danmark sender fly til Middelhavet. Mon ikke et skib kunne redde flere b√•dflygtninge - forbehold eller ej http://t.co/jOAS8V‚Ä¶
600334697592442881,2015-05-18 16:18:40,RT @nvillumsen: Kun i EU er man dumme nok til at tro at man kan stoppe en str√∏m af flygtninge med bomber. Utroligt at @martinlidegaard ikke‚Ä¶
600324295089385472,2015-05-18 15:37:20,Har talt lidt med nudem.dk om mine #dkpol holdninger og det kommende #valg http://t.co/BqsWdOuxUd
600192143827857408,2015-05-18 06:52:12,RT @PerClausen3: H√∏jrefl√∏jens kritik af Frank Jensens afvisning af Ryanair afsl√∏rer deres st√∏tte til l√∏ntrykkeri og social dumping. S√• ved ‚Ä¶
599899009508052992,2015-05-17 11:27:24,"RT @kristianweise: Danskerne vil hellere v√¶re i job til lav l√∏n end p√• overf√∏rselsindkomst, viser ny unders√∏gelse: http://t.co/98tBjFOl2Q #‚Ä¶"
598740295598104577,2015-05-14 06:43:05,RT @Arbejderen: #DKmodSkattely med @ActionaidDK og @FOANyheder ved Christiansborg nu #dkpol #skattely http://t.co/5PSOA0pBI8
598128273193861120,2015-05-12 14:11:07,"RT @madsmgt: M√•ske skulle regeringen t√¶nke over, hvilken side de er p√•? #dkpol http://t.co/9jRR9b2w8c"
597475051999522816,2015-05-10 18:55:27,"RT @Enhedslisten: ""Hvis man ikke kan f√• arbejde, kan man jo ikke bruge en bonus til s√¶rligt meget"" #dkpol http://t.co/zEkAz86J32 http://t.c‚Ä¶"
597369393388113920,2015-05-10 11:55:36,De der taler om 800k fors√∏rgede m√• jo mene at der er nogen p√• barsel der laver for lidt http://t.co/gy5B2yvq9R #dkpol #f√¶llesskabfungere
596727274956857344,2015-05-08 17:24:03,"RT @AmnestyOnline: Iran: Police must exercise restraint amid Kurdish protests
http://t.co/KC9osWfXyD http://t.co/z8yHlsn5r8"
596693077676466176,2015-05-08 15:08:10,RT @smbrix: Corydon mener han har b√•ret en byrde ift DONG. Skal vi nu have ondt af ham? http://t.co/K1bzXn9gVy #dkpol
596387606700662787,2015-05-07 18:54:20,RT @HannahBrejnholt: #StopTaxDodging - happening in front of the Lux embassy in Copenhagen #Luxleaks @ActionaidDK #dkmodskattely http://t.c‚Ä¶
595894963914809344,2015-05-06 10:16:45,"RT @R4nd4hl: Et kig i Thornings kalender.
#dkpol http://t.co/RViBX2XXXi"
595860886247571457,2015-05-06 08:01:20,"RT @pelledragsted: 200 mio. Kr. til afgiftlettelser til erhvervslivet.
0,00 kr til nyt dagpengesystem. Og vi skal videre? #dkpol #socialdem‚Ä¶"
595556285833158656,2015-05-05 11:50:58,"RT @Enhedslisten: Ytringsfrihed - ogs√• til at kritisere en ulovlig bes√¶ttelse. Del, hvis du er enig #dkpol #Moviagate http://t.co/dISccsBdPs"
594813786772643841,2015-05-03 10:40:32,10 km #tv√∏stl√∏b gennemf√∏rt i #Holb√¶k blandt gode kammerater. #der√∏del√∏bere #valgform http://t.co/BZU6NIBRKz
594754168432234496,2015-05-03 06:43:38,RT @nvillumsen: Den israelske ambassades pres p√• ytringsfrihed i DK er fuldst√¶ndig uacceptabel. Jeg vil opfordre @martinlidegaard til at re‚Ä¶
594157288514035713,2015-05-01 15:11:51,Skal vi forsvare generationers benh√•rde slid og tro p√• f√¶llesskabet? Eller lade L√∏kke og Joachim B. s√¶lge hele lortet?  #dkpol #1maj
594123942060785664,2015-05-01 12:59:20,"RT @Arbejderen: ""Stop mobberiet af syge og ledige!"" Johanne Schmidt-Nielsen taler i #F√¶lledparken lige nu #1maj #1maj15 @Enhedslisten http:‚Ä¶"
594044370216755200,2015-05-01 07:43:09,Er i valgkredsen i Holb√¶k og tale om visioner for #f√¶llesskabfungere. 3F 1030 anl√¶gget 1345 #dkpol
593734424434483200,2015-04-30 11:11:32,RT @nvillumsen: Regeringen pr√∏ver med Bankunionen at snige mere magt til EU ind af bagd√∏ren uden at turde sp√∏rge befolkningen. Det kan kost‚Ä¶
593396897596968960,2015-04-29 12:50:19,RT @Arbejderen: Journalister vedtager skarp kritik af offentlighedslov #dkpol #delmoede15 @DJintweets http://t.co/12iWhbKmIk
593029126224781312,2015-04-28 12:28:56,RT @McGhieSteffen: Wammen kommenterer (ikke helt) p√• problemer med #F35 #kampfly http://t.co/AcWxEDkb1O #dkpol
592768999580131328,2015-04-27 19:15:17,"RT @ActionaidDK: Godt debatm√∏de i Roskilde om #skattely med @Astridkrag, @rasmusnordqvist, @EvaFlyvholm og @Knuddla #DkmodSkattely http://t‚Ä¶"
592768032348471296,2015-04-27 19:11:26,"RT @Enhedslisten: Eva er FT-kandidat p√• Sj√¶lland og #nyp√•twitter 
M√¶rkesager: EU, forsvar og udvikling
F√∏lg her=&gt; @EvaFlyvholm #dkpol http:‚Ä¶"
592674049710563329,2015-04-27 12:57:59,Virksomheder der bruger #skattely skal sortlistes som offentlige leverand√∏rer. P√• vej til @ActionaidDK #dkmodskattely debat. #dkpol
592595202650591232,2015-04-27 07:44:40,Er endelig #nyp√•twitter gl√¶der mig til at deltage i debatten p√• #dkpol
